rental_id,predictions
7455565,4067.932554761904
7473295,2089.223523809524
7459804,3037.4997595238087
7456330,2595.412166666667
7443595,2957.1658739177496
7502623,3068.9379404761917
7459171,3683.82725
7447600,1726.1085
7505254,3579.7293880952384
7454620,2775.5134
7491007,2423.875433333332
7436347,3779.16055952381
7466659,4897.994499999999
7490248,2509.2345
7492504,3168.3187085137083
7526425,4490.665166666668
7504825,1540.098
7497967,1608.7095
7490707,4305.156927308808
7474345,2391.0220000000004
7472725,1700.713023809524
7433248,2424.9825333333333
7526272,2260.7151904761904
7522357,3311.9443333333334
7525759,2055.9797857142858
7466989,2167.7580476190474
7457077,3974.648047619048
7439674,3917.9965
7518937,3104.428119047621
7443040,2345.303945238096
7479157,4196.498
7483801,3663.8122619047626
7474399,1680.7571666666668
7429237,2354.8985
7502632,3940.621875
7515667,3337.4139285714286
7461496,1745.5470595238091
7465732,4752.453875
7435060,2146.7178809523807
7458226,3360.505738095238
7445410,2905.0406666666663
7499251,2234.951535714286
7461037,4783.537
7488733,3235.1229
7521874,2477.553077777777
7456558,4248.810166666667
7450864,2421.7874444444446
7494517,2250.994
7498903,2298.356291666667
7432303,7099.204404761903
7512142,1680.013
7523689,2440.61
7449199,3978.9996071428573
7470118,1802.6148333333335
7444498,3008.2047499999994
7459210,1690.1931333333332
7477885,2152.168211111111
7513372,2351.9509523809525
7481134,3635.7899928571424
7459324,2049.069142857143
7488910,2900.0215
7486663,2066.9841666666666
7477414,1969.3026666666667
7454635,3354.265
7473799,2251.4205
7461196,3233.0837575396827
7457425,3941.153
7445407,2172.4836666666665
7439704,2276.147
7452571,2367.7340095238096
7502347,4331.323947150077
7518376,1926.938
7446019,3537.0900833333335
7521646,4255.620090476192
7434499,1846.4421666666665
7482715,2412.5428333333334
7445545,2172.4836666666665
7494901,3458.411766666667
7525078,1786.16825
7438381,2503.7408571428573
7442140,3604.6798404761907
7502524,3050.086183333334
7502260,3425.9114285714286
7435072,7693.289
7430758,2989.653352716728
7502443,2361.504708333333
7461880,2075.7355916666666
7513453,3061.8333333333335
7451116,1424.9506666666668
7504045,3814.384817460318
7468498,4401.68275
7444624,4707.398886599511
7486999,1787.8535
7494838,2488.6857666666665
7489303,2135.581666666667
7438267,2793.8414119047616
7473199,1950.819
7428592,4867.491047619047
7461337,2044.2876904761904
7460749,2424.959430952381
7459465,2826.9419166666667
7454200,2764.9691190476187
7452784,1957.6283
7507633,1717.255
7499707,3444.1683809523806
7494871,2304.24725
7523899,3641.926416666667
7505395,2783.3190555555557
7434838,6725.845
7458868,4222.801166666666
7496047,2330.7099166666667
7455028,1814.219
7455085,2679.518333333333
7456174,2402.954892857143
7469155,2133.7450000000003
7479886,3878.2630952380955
7508587,4153.144357142856
7486009,2796.972
7442338,4039.516933333334
7464823,4726.5053333333335
7441951,6180.173216666667
7503928,2046.3259345238096
7449589,3746.4265
7430821,3015.61590573593
7499623,3738.195833333334
7457953,2887.277916666666
7428274,5170.892833333333
7442893,1811.7212261904765
7483291,4471.008928571429
7461025,1933.0974880952378
7469401,2793.882738095238
7483126,2159.860333333333
7505737,5965.971214285715
7463542,5187.19705
7446730,3206.806666666666
7485898,2632.827166666667
7521427,3007.5602333333336
7503391,2290.1384
7437241,2341.9858333333336
7475578,2480.684619047619
7461466,3962.7838329365077
7488559,2176.421
7479541,4069.736566666667
7449658,2165.228
7487395,1533.396
7444927,4751.1225
7429288,2026.24225
7500592,2527.2713166666663
7440085,1907.4506666666666
7453267,3599.224488095239
7469326,1874.0665
7465006,1699.4105317460312
7457725,3038.573483333333
7466929,3395.427664213564
7503616,6674.988166666666
7428319,2695.2710000000006
7467406,3486.5236944444446
7496233,2297.3736499999995
7526167,3255.525760941835
7431901,2215.866540476191
7495603,3261.935033513706
7476844,3317.760190476191
7497298,4811.008916666666
7487479,2463.8005253968254
7439176,2978.5950767565764
7483933,4278.205166666666
7497910,2051.975019480519
7429591,2382.09870681818
7489111,3736.9279166666665
7436788,2900.824416666667
7512379,2960.9183516483513
7504084,3671.631166666667
7520494,5302.61375
7518691,5881.853316666666
7523161,2338.9329880952387
7457662,2838.944380122653
7474786,2843.856083333333
7462042,2238.7228380952365
7509409,7058.312702380953
7433392,2416.7221833333338
7518970,3867.03795
7434418,5179.473297619049
7436077,2874.6997499999993
7448752,1826.5719999999997
7507612,4111.352
7489837,4161.504333333333
7477345,2517.705152777778
7465306,3390.246740981241
7509745,4554.538096572872
7464004,4997.700785714285
7524127,1962.406
7439410,3296.0708809523817
7509091,2799.418675396825
7462693,2671.1621309523807
7468843,6459.8395
7455427,3372.3824166666673
7437487,2990.671833333333
7459903,2655.314378571428
7448014,1869.5946666666664
7522789,2704.6419642857145
7430842,5191.741898809525
7450072,3740.161128510378
7466944,3488.98675
7475200,3055.218
7497190,4897.994499999999
7510060,3496.238904761905
7500163,3367.2066666666665
7499302,2761.39175
7515844,2755.901125
7465171,3132.3054706349203
7520419,7195.189999999999
7496056,3563.2395
7446301,1783.4523869047619
7433869,3691.3035
7453876,2964.7701666666667
7518577,2347.2265
7484767,2598.3554999999997
7452994,2423.281166666667
7478860,4811.533333333333
7432561,4175.364690476191
7506658,3292.681476190476
7514299,2583.504
7459348,5751.878666666666
7457509,2745.2480666666665
7473550,4976.827
7522909,3649.625166666667
7442284,7425.577
7468207,2528.2578821123325
7438996,2544.897047619047
7451857,4546.567
7500499,2106.119916666667
7451497,1767.8215476190474
7447138,2099.419
7500460,2930.0284460317466
7491028,3151.943311904762
7469533,2581.4070666666676
7523344,1695.2333333333336
7445062,1768.689863095238
7467043,1823.3846062409816
7478065,3069.852214285714
7474738,2964.0345952380962
7491232,2702.141333333333
7504657,4626.688166666666
7496680,2625.989916666666
7482862,2452.9814166666665
7481896,1705.028
7492579,2349.1253079365083
7482622,4212.643883333333
7481044,3416.7086261904756
7499755,3032.22775
7447573,2044.517
7515724,1840.2516666666668
7486351,2827.978690476191
7451218,1991.7071666666668
7515250,2403.4866166666666
7446835,2638.2844380952374
7487320,3839.711916666667
7495342,2689.2925833333343
7520392,2368.006309523809
7440925,3803.65631666667
7441153,1872.589
7468378,2574.398347619048
7519360,2906.163752380953
7491457,6728.267380952381
7452802,1895.5473333333334
7438003,9198.909
7428508,3649.3779000000004
7478731,2112.5845
7478917,3467.576698412698
7469392,7923.284488095238
7485754,2598.5060833333337
7503991,3566.089522619048
7459273,4183.585000000001
7523044,2657.8925238095244
7461745,2543.66525
7477003,1622.8678333333332
7429963,2361.6013333333335
7477372,4222.100032106783
7439656,2227.799009523809
7441615,10718.141666666666
7466533,2896.3123809523813
7458991,3428.6921
7517233,5405.054333333334
7520587,2679.2540833333337
7498735,6286.702003174603
7438477,2991.802666666667
7467103,3312.3493666666673
7504594,2820.247
7505833,1897.1102857142857
7484287,3234.19175
7460593,2318.837583333332
7504675,1781.5689801587298
7485427,2961.082876190478
7434640,2981.628
7466623,3427.5992261904767
7524631,6897.734132450883
7459051,2500.9313500000003
7438939,4123.771833333333
7482130,2106.0050940476185
7484131,2091.043952380952
7454077,4016.774750000001
7472128,2363.8802333333333
7449169,3844.968857142858
7486975,4066.019142857143
7484500,5542.459233333333
7516732,4381.602333333333
7428985,2771.7273333333333
7474408,2362.9269166666663
7435396,4398.09
7484464,1877.6215
7454980,2767.4262666666677
7444186,3271.6880238095237
7433704,3604.445
7446880,13328.247
7468243,2319.837048881674
7521919,5080.528916666669
7438519,2275.3226999999997
7523473,3798.623830952382
7446913,7011.276968742369
7463101,3132.4405238095237
7453729,1801.7864107142857
7464859,2865.6403500000006
7465084,7938.6325
7449466,2635.752
7486744,4711.385683333334
7452856,2508.4799503968256
7505170,19338.11
7485361,4441.321647619046
7522447,3430.601333333333
7429417,3254.34041518204
7490803,3198.0940835137076
7479712,7407.213523809523
7505866,2484.704
7441723,2113.71
7445857,3082.7194
7432411,4017.6476785714285
7495618,4033.649380952381
7491205,6166.53456190476
7463587,1846.3815
7464766,4320.808416666667
7510696,2655.331142857143
7476250,3331.852419877344
7429258,2819.79475
7481980,1720.5906666666665
7437793,3196.430880952381
7491691,3014.052380952381
7431544,2382.09870681818
7430869,5127.546833333334
7493533,3922.689899999998
7450318,2478.624547619047
7436338,4222.100032106783
7475452,2136.888
7472254,2004.412
7484395,3013.135401190476
7454095,3631.177583333334
7495051,3290.4835
7433407,2646.461833333333
7483882,1967.9765406204904
7472614,2191.88025
7454227,3475.672883333333
7495090,4274.239060714286
7461919,1835.6317321428571
7514611,2525.191804534354
7441906,3673.319940476191
7484479,1767.8215476190474
7511641,4711.0171195317525
7524268,2130.3929500000004
7437511,3445.122
7435846,2761.924633333334
7521358,1700.127797619048
7454965,2623.704619047619
7496668,13090.529107142858
7450321,2604.576607142857
7449181,2138.092380952381
7455925,2285.236928571428
7449874,2947.825592857143
7517239,1882.4983452380955
7439260,2482.7055063492085
7495072,2481.512333333333
7469539,2640.880404761904
7457773,3098.497328571428
7461742,2129.2062888888886
7431043,2664.2998333333344
7435375,2035.692608333333
7483195,2805.9606190476193
7470727,2235.6956488095234
7509406,1711.693
7447402,2487.2856238095237
7477765,2591.7926587301563
7521538,2391.035583333333
7520935,4123.062733333333
7486417,2205.6822738095243
7431961,1935.9975357142857
7453123,2468.026456746032
7513069,1742.8995
7510705,2404.6954285714287
7517389,2870.2554166666664
7498852,3995.2570595238103
7482625,2480.572366666667
7491373,2500.7423333333336
7492234,3691.3035
7490362,2317.566
7484377,2462.27475
7495729,2531.736
7429174,3162.7480000000005
7478503,3329.666019841269
7465477,1572.413
7438216,2778.291129273505
7474279,6465.219833333334
7431244,3055.992
7462531,4599.08412142857
7485499,2978.6088972832713
7480960,1998.38075
7463584,3706.070856837607
7518280,4114.656892857143
7462165,2114.724
7485103,3100.175
7453735,2899.607583333333
7475206,2049.486
7483141,3225.776666666666
7490623,2180.671
7465708,1888.01
7464019,2292.2303730158733
7466620,4526.646
7525567,3571.9164166666665
7478245,3187.267
7510474,1781.5436666666667
7453762,2569.963166666667
7513057,1791.6827023809524
7456996,3254.346666666667
7484644,2214.8028261904765
7465381,2553.3196666666668
7467373,2599.8962
7483003,2095.904
7500601,3554.0818928571425
7482259,2396.4304166666666
7483159,6009.006545887443
7478539,2219.079625
7443886,3247.169
7431037,1663.288
7501825,2655.0460893217883
7484383,2469.4688333333324
7438777,1937.964166666667
7522885,3049.8119166666665
7434523,2810.489933333334
7522174,2235.3758333333335
7491952,6002.255
7456825,3488.732916666667
7470232,2960.4255
7506949,4541.182316666666
7457344,6878.152059523811
7500970,4931.996666666667
7494541,2671.125666666667
7503529,2019.3582285714285
7501516,2371.5317164502167
7443847,3476.4566
7504567,5452.67363095238
7509160,1555.4931666666664
7479787,2052.0171916666663
7462234,2818.438646409146
7448005,5672.895166666665
7479469,3811.5261214285706
7486423,2862.6435507936512
7510423,4612.939333333333
7483285,2427.7826666666665
7521928,3811.2656146825393
7518400,2399.156930952381
7502671,2579.4471845238095
7487875,2517.91060952381
7505332,3379.142333333333
7443985,3290.278
7525774,2102.197
7465072,5603.823611038962
7511860,4931.27644920635
7510459,1815.225
7457380,2934.1218333333336
7450813,2711.535666666667
7469848,3140.1519505412884
7472542,3196.551734487734
7497859,2700.807983333333
7512139,7095.401833333332
7474987,1952.6391333333333
7455826,1926.5141666666668
7456957,2357.5236666666665
7473631,2667.4579166666667
7492438,2137.38
7438219,3338.926380952381
7431685,3524.687178571431
7483927,3145.4993499999996
7482145,2381.9011212121213
7464847,3675.99425
7467430,4053.409047619048
7477744,2685.2228647186153
7464673,16643.40823333333
7460932,2566.79775
7455985,2087.3478869047617
7513000,2151.793469047619
7498723,2265.3841702380955
7459582,2790.126809523809
7466653,2479.9446666666663
7473607,2686.629882051282
7519606,3698.7481666666663
7481377,3059.273333333333
7431463,2012.3368571428573
7445587,1934.7651666666666
7442134,2901.4628333333335
7518013,3819.081456962481
7482025,2570.599738095238
7462813,2161.5721011904757
7467247,2976.8243452380957
7457011,4129.247390295815
7464547,2421.1053333333334
7506769,3582.2340833333333
7517386,6119.1805
7502689,2621.6116287878785
7465441,3692.2219392857146
7493404,2807.3976666666676
7497694,4609.766416666666
7509568,2117.4476619047614
7471510,2385.14
7445854,2703.2040833333335
7494796,2572.277885714286
7437994,3005.155766666667
7450609,2802.7633404761896
7486267,3753.669333333333
7510153,3707.2645
7502038,2198.8793333333333
7467094,3002.0565
7437229,3142.7861666666668
7514203,1975.0079285714287
7446901,1741.77575
7466893,5137.1908
7456342,3826.1295476190476
7486801,2890.5009333333337
7506916,3021.034622222222
7442215,5666.236214285715
7440868,3215.534833333333
7515178,6545.136333333333
7483621,3731.467125
7514578,4227.0055
7502446,2382.09870681818
7451995,2029.425
7447285,2417.865
7495015,3309.43
7518631,1982.6076666666668
7476442,2406.0901666666664
7469572,5410.845909523811
7451230,2075.934
7489279,2980.77435
7513108,2003.256233874458
7433668,2509.3829166666665
7451956,2861.8156666666664
7475107,2128.566
7446811,5476.268857142857
7516117,3069.0633214285713
7518820,2820.598514285714
7438684,6672.880642857142
7483327,2728.4789999999994
7466005,1993.3329583333334
7435339,3078.4708
7437013,3109.863214285714
7451191,7352.811679978356
7471774,3746.2999642857144
7439044,3839.2602976190483
7512625,3723.099338095238
7485943,2374.167029365081
7523248,3848.0746666666664
7500229,1551.588
7500739,2997.3270476190487
7514761,4973.8143666666665
7483363,5091.6085
7439683,2550.743
7505323,4354.142296245423
7464757,3337.5488333333333
7510219,3628.7031166666657
7511812,1759.5908333333334
7445182,1623.753
7449931,1779.9810000000002
7453216,2401.1499107142845
7497580,3339.4287666666664
7488331,1952.8252023809523
7464217,2543.5516666666667
7437187,3512.946083333334
7524343,1806.4043928571434
7430311,6863.0199428571395
7475704,3244.970054761906
7495531,1524.326
7445446,4122.7717999999995
7466968,5571.029000000001
7482874,3060.0331634920635
7523158,2486.250333333333
7445167,7004.851
7466572,2136.266833333333
7446427,2144.335333333333
7469695,1827.322
7509220,4840.6394345238095
7473697,1732.5521666666668
7437958,3454.694866666667
7513429,3843.903358333333
7440802,2448.7431666666666
7461127,3911.2095190476184
7429555,1705.6394404761907
7518394,2681.171088888889
7475695,2365.7314166666665
7508416,2896.90225
7428703,2788.9060714285715
7481110,2448.3743333333337
7495096,2635.752
7502551,2383.145
7465438,3826.6775761904764
7469458,3006.188833333333
7444450,2546.766333333333
7431652,3035.84255952381
7430872,2546.54235
7466200,5395.002166666667
7473145,2094.899
7441375,1749.4009999999998
7500955,2637.925
7439575,6145.399023809523
7449394,2675.202985714286
7482328,1811.5126428571423
7437115,6635.43
7468804,2987.8997555555557
7515739,1899.874333333333
7483495,2636.2822500000007
7498804,2252.730666666667
7517179,2314.418916666667
7458169,2085.49225
7436305,2949.167166666667
7430611,5356.672333333333
7522369,2629.03
7463638,10902.422
7515022,2520.173302380952
7456927,2787.1221119047623
7508488,3879.5362857142864
7504684,3013.1018595238097
7473562,2826.490147619049
7433215,4163.16165
7514143,3273.0518626984135
7508371,1836.252
7474774,3515.720166666667
7449346,2630.876757936508
7457917,1878.5823333333333
7514836,4854.512833333333
7525597,2702.1014920634916
7447171,3076.2423166666663
7443286,4873.535919047618
7512910,2179.775645238095
7503424,4236.903292857142
7477984,3541.5982277777784
7449361,2845.908658730159
7440355,2108.0622857142853
7475218,4415.948402380953
7474549,2989.972034450272
7472083,3413.5949880952394
7440322,2330.144483333334
7513768,2902.6043333333337
7477543,5072.597645421245
7492906,3518.142166666667
7520047,7693.289
7497886,3044.373
7521091,3787.201697619048
7502230,2165.228
7483222,2304.391869047619
7445098,3872.0371904761896
7448416,7223.086666666667
7511608,3748.9690603174613
7457296,2296.554861507937
7488793,2251.0975333333336
7525276,1798.2933809523806
7454878,2692.303
7508983,3052.0507420634926
7524847,2679.01949047619
7499848,3631.1864166666664
7464802,3184.8086785714277
7459588,2929.211
7499431,3249.5778333333337
7447831,3679.478
7477045,3818.082833333334
7462696,2671.1621309523807
7506775,3389.564945629533
7519693,2371.321666666667
7522114,6641.214
7431787,2793.8414119047616
7506604,6100.437666666666
7451101,2671.3665833333334
7453510,2251.628755952381
7463353,2180.671
7446400,1543.8765
7506664,2725.1372154761902
7494439,2930.681833333333
7453312,7199.244333333334
7526140,2713.5374503968255
7452541,4004.9413809523826
7513006,6694.27
7485919,3889.963
7511632,3692.2219392857146
7490908,4144.423
7471507,6940.760333333333
7523752,2262.455916666667
7441912,4995.95375
7445944,3317.562041666666
7460767,1787.8535
7446259,2907.822547619048
7462783,2415.435
7505563,5474.909
7496194,2114.4237166666667
7433260,1542.1138333333333
7441807,4121.776182958708
7520488,3384.9660017316014
7439983,3309.5046666666667
7512100,3934.8474761904763
7495222,4260.985
7498003,3620.449630952381
7451845,4007.265833333334
7471072,6750.108221428571
7503238,2203.74275
7498453,11766.322
7442662,5405.037833333335
7493803,3738.887416666667
7464232,6469.921
7474831,4321.141930555555
7462066,2218.5311571428574
7489261,2876.0239186868685
7510816,3695.056333333334
7483483,4173.484583333334
7472671,2568.88
7466995,3124.89815
7439440,2895.507002705628
7432444,3313.174
7438087,3115.5553517038516
7439527,3222.016031746032
7477960,2694.830595238095
7466287,2415.3930082417587
7455385,2446.9319000000005
7503409,2701.177222222223
7503643,6847.508014285714
7508503,2976.2535333333335
7478074,6295.127099999999
7490719,2110.321733333333
7470130,2189.6956666666665
7438789,5295.308885714284
7519465,4847.523333333333
7428838,5937.139416666666
7457467,2832.4120714285714
7481725,2918.438833333333
7438504,2791.0392500000003
7444402,3335.7194166666663
7523311,1849.618
7480519,25710.725
7496269,5938.868309523809
7503739,4957.105833333333
7448575,4442.63925
7457041,3303.20038095238
7499338,2427.7609166666666
7506631,3544.833900000001
7501480,2686.343583333333
7480441,2823.8525833333338
7517593,7010.0841452380955
7453675,2768.1165119047623
7458598,3666.897666666667
7479466,2268.203847619047
7464676,3245.402261904763
7459033,2202.4050071428574
7476415,1776.57475
7442380,2912.7676
7486471,2531.489
7479439,3611.061690476191
7478413,2783.9884333333325
7498450,4200.731516666667
7474810,2225.0348404761903
7442872,2212.926253246753
7477381,1670.9105
7501600,3463.1919999999996
7463785,7939.757392857143
7518928,1472.251
7454350,4796.128521428572
7467697,6680.231000000001
7518529,3062.90725
7428499,2344.232216666667
7441162,2083.7401666666665
7523704,2115.739833333333
7498759,2211.547
7488235,2568.849
7444399,3544.5995000000003
7477822,2025.2413000000001
7508038,3203.9611785714287
7507933,6589.426466666667
7460218,1981.4330833333336
7490725,4009.8117333333334
7499452,1699.4105317460312
7487488,2176.90175
7475797,3292.1967857142854
7516921,5066.289733333332
7461520,4326.0975
7503865,2046.845
7497145,2144.62925
7446010,2262.171
7469680,2246.932666666667
7496665,11631.881333333333
7433905,3794.91075
7505764,2957.203261904762
7519312,1996.956
7526290,2082.748722222222
7496812,2534.63
7481740,2602.3236428571427
7506526,2088.853
7521166,1931.5383333333334
7431580,12808.8755
7456318,1895.347733333333
7483306,1755.821238095238
7485490,4376.923
7500802,3157.247833333333
7443355,2247.8622142857143
7515619,5055.979666666666
7516924,2757.168
7490779,3696.1420714285714
7441486,2301.168
7466341,3283.997416666667
7497121,2703.691741666667
7449520,3723.7376666666664
7453027,2122.542428571428
7458331,2531.736
7500493,2013.972567099567
7502881,4187.589440476191
7505338,3694.919833333334
7437982,2783.9884333333325
7483672,2633.897416666667
7495252,2247.59675
7434496,2964.754107800533
7445347,2179.312833333333
7495363,7225.160964285711
7428859,3951.269
7522444,2226.425221428571
7459801,3027.866166666667
7513042,2209.859
7518043,4429.959583333333
7523320,2220.5511666666666
7525888,3059.1085888888892
7509100,3760.2509761904757
7449073,3577.86
7444318,1985.8455595238102
7437835,2656.251833333333
7459954,3044.69077063492
7430917,3949.862572150075
7476889,3303.2245428571428
7495708,2659.183333333333
7495867,2022.1969583333337
7510732,3633.05
7481932,2207.3663333333334
7453555,2551.3300761904757
7481359,2247.003878787879
7496416,3410.539029761905
7519567,2628.978833333333
7503934,3235.4029357142863
7508674,2599.8464333333336
7521865,3154.175791666666
7511566,4711.0171195317525
7441129,3008.7595
7477816,4027.0336666666667
7475971,2784.86379047619
7489795,2524.279
7473766,2122.896714285714
7475779,2290.6416666666664
7470277,16718.018000000004
7473259,4076.366226190476
7516006,2868.366666666667
7512058,2897.619371428571
7505590,2127.541
7454356,2500.8110333333334
7475116,3612.340823809524
7447774,4059.120595238096
7458388,2276.8315674603173
7456459,2759.003
7449115,2856.5970000000007
7437643,2247.9247608225114
7464325,5064.897333333334
7471852,3190.6494523809524
7500250,23017.128
7506415,2600.552
7493827,2703.0217036796535
7433473,1679.9066984126985
7444408,3748.633
7441642,6286.035336507936
7498249,9350.85775
7499395,2783.085559523808
7468408,3979.90525
7430188,2253.9325
7517479,2910.340333333333
7454536,4759.606057539683
7484284,2339.6295
7458835,2446.0485166666676
7350481,2583.504
7516471,5725.2605
7467691,2291.189476190477
7440388,3122.2801
7472059,2633.522333333333
7480810,2097.0679999999998
7483021,2390.1496666666667
7449385,2245.837380952381
7481431,2096.7653666666665
7506361,2164.85825
7496215,2874.9466904761907
7465390,4531.77526904762
7450675,3085.095428571429
7453297,1917.3841571428575
7524022,2619.7215
7484392,2838.944380122653
7438510,3236.709119047619
7482313,2529.24875
7453474,1730.592433333333
7440943,4681.85475
7503829,2559.01425
7458280,4655.563330952382
7438411,1994.4305952380953
7461412,1451.6433333333334
7437634,8379.097023809521
7443097,2960.9183516483513
7466269,1866.503
7451854,3405.775333333333
7518862,2609.734016666667
7452604,4214.7657976190485
7470883,3971.0449285714285
7510495,3297.1005
7485454,20319.599
7496509,2178.926
7464460,3128.8490000000006
7441720,2948.227
7467292,3567.9202916666663
7454308,2099.5896000000002
7474393,1551.4933333333333
7432672,14853.811
7462552,3568.1558333333337
7473736,2477.4435
7464763,4130.145166666667
7489822,2129.773
7469194,3675.99425
7465162,2938.9862738095244
7483513,3368.4354999999996
7472086,3720.387238095239
7504150,1882.4983452380955
7455355,2974.0513333333333
7518904,2598.3554999999997
7474354,2583.8935
7466524,3695.2525
7523452,2888.108
7481356,2620.515023809525
7469857,2910.66675
7519753,2596.285666666667
7437199,3176.047
7507393,2559.5965000000006
7430455,2876.0239186868685
7524517,2229.5853373015875
7488694,2578.929652380952
7464034,3466.757901875902
7457227,1917.5487166666674
7449757,4417.613416666667
7498591,2671.677
7461859,1951.2103333333334
7438858,5249.801371428571
7508347,5158.04458095238
7491664,2743.2384166666666
7443535,2777.74325
7462660,3959.3883333333333
7517137,2345.358333333333
7476301,2836.1623333333337
7459576,6009.006545887443
7480249,2702.9098809523807
7471309,2727.18625
7452322,2650.2044833333334
7500451,1779.2093333333332
7477702,2221.091666666667
7437103,6834.138
7461793,2271.309314213564
7461973,3408.5426970779217
7473946,3078.4108444444446
7457638,2991.9375
7452988,1829.1921838744577
7510435,2595.412166666667
7454023,3810.488666666667
7430482,2826.960083333333
7433830,9951.440666666667
7509817,3698.5929666666666
7488412,2014.772
7429165,1829.1921838744577
7445374,4224.132066666666
7477567,7244.735
7476448,2603.392166666667
7439155,4901.941625
7498534,2194.257
7479376,2523.2601357142858
7439365,2987.3562380952376
7489600,4081.177999999999
7478236,2273.2497297619057
7495507,6170.761
7467133,3945.19075
7486840,2424.959430952381
7466107,7488.004333333333
7518310,8057.654
7500763,3778.29825
7430761,3013.325833333333
7452124,3898.1798333333336
7462585,2203.74275
7503148,4984.966845238095
7460089,3249.6643069624824
7442890,2715.818
7525273,1540.098
7492477,3906.155
7500736,2516.4804595238097
7429774,3313.174
7438981,2019.6341666666667
7430524,5563.1085
7505020,2266.1114404761897
7519135,2104.0426457070707
7510651,3140.1795198412697
7508209,2039.086
7512340,3525.243623737373
7432519,3383.8610476190493
7507249,4735.731869047619
7497040,2183.819648809523
7468810,2950.139833333333
7507963,8516.791535714285
7511710,5522.86563095238
7468063,3715.4035
7516000,3205.687904761905
7446418,2302.492692857143
7433368,5784.414749999999
7488967,8622.209666666668
7518298,1813.1375
7512421,3317.8256439393945
7501165,1981.628820238095
7478461,3062.8650357142865
7440214,3845.609
7428607,2544.4968333333336
7515514,3023.659500000001
7477366,3215.3365000000003
7523155,2478.4581666666663
7463722,7341.783666666666
7431460,3377.4810777777775
7501300,2467.438738095238
7438918,2096.614285714286
7485178,3892.325916666666
7459189,2816.2708
7457548,1902.2
7450444,2612.991
7512859,3329.9885
7453738,4685.639
7446490,1651.7771222222223
7470256,2998.2094642857146
7471183,7773.160309523811
7444204,3779.2906666666663
7467379,4181.1123333333335
7497883,2180.671
7475236,2108.3786666666665
7449064,3824.7329404761904
7511635,4840.558382142857
7478371,4245.438333333333
7491925,1894.377
7432429,2008.6101190476188
7452577,6655.058333333334
7456390,1764.2729166666668
7504138,4027.0529059523806
7454746,2542.555533333333
7511653,4797.177917063489
7489027,3067.7217344322344
7520782,2335.794273809524
7523755,2242.283
7499398,2546.51519047619
7429012,2931.323
7482262,4026.786785714288
7506286,4018.5058333333336
7458571,2381.0175
7466218,4665.91225
7449880,3067.7555499999994
7504501,3324.3112500000007
7494826,2199.0382190476184
7506739,2775.5134
7444438,4067.932554761904
7459129,2926.581529761904
7521409,6596.064
7443124,2357.455333333333
7503679,3992.0830702380963
7490011,2928.818
7526119,3746.2999642857144
7514095,2356.235533333333
7513894,2841.1395
7515091,3572.7573333333335
7430551,3652.512190476191
7524220,2816.274166666667
7469272,4920.575166666667
7441228,2468.668166666667
7464343,3354.265
7484917,4494.263583333334
7442770,3317.562041666666
7526215,3669.509
7430941,5395.7285833333335
7434982,3748.633
7428850,3772.20275
7482859,4675.8200333333325
7506589,4534.618680555556
7449916,4253.283
7500211,3279.098666666666
7505629,2702.141333333333
7460293,2237.398738095238
7491523,4058.361016666667
7479355,2216.26
7518535,2761.5296333333326
7487806,2835.8126785714285
7493788,5402.643916666666
7515712,1723.233916666667
7502161,3630.127125000001
7484005,2064.82088531746
7497322,2037.4425000000003
7485892,2591.9331666666667
7468447,3567.6264000000015
7439752,3109.863214285714
7437886,2712.656183333333
7438171,2571.9422142857143
7492453,4504.644342857144
7477321,2973.656384523809
7504411,2633.897416666667
7429786,2451.551114213564
7493644,5876.800183333331
7497286,2712.3482142857147
7483198,2533.723
7439458,3194.261261904762
7501177,2592.9034166666665
7480159,3350.034861904762
7518640,4417.611571428572
7456483,2743.7802999999994
7465222,3570.970059523809
7489399,2659.3210476190475
7469854,5584.571166666667
7431751,4726.5053333333335
7488205,2311.6142916666668
7494553,14756.636
7462456,2472.982892857143
7437853,4944.864916666667
7501753,3613.9706369047617
7474687,2757.221661904762
7484314,2154.608333333333
7440838,1947.26875
7506952,2290.1384
7442878,4554.538096572872
7509685,5151.651166666666
7510405,1548.1990909090907
7483858,3730.5060833333337
7517725,2460.9240476190475
7489927,2052.0171916666663
7515961,2874.9466904761907
7521805,2215.24685
7477012,4001.635547619049
7447552,1797.1572619047618
7458952,3514.194166666667
7511950,1981.628820238095
7463593,3709.4577666666673
7490311,3799.754
7520542,2777.8552500000005
7483759,1880.419
7442242,3403.871590811966
7469491,3253.3522404761916
7513156,2191.112933333334
7479031,10902.422
7523407,2450.539
7441030,1747.6803333333335
7437418,2589.5420476190475
7478149,3601.7499523809524
7429822,3222.016031746032
7477897,3751.9063928571427
7504648,2776.4808261904755
7484548,2581.318007936507
7482973,1775.3470833333333
7496122,3215.3365000000003
7513753,9335.670916666668
7508788,3436.843
7470925,2382.35
7433299,2643.257101731602
7431121,1566.974
7461694,2455.1998333333336
7495753,2853.05013095238
7496059,2501.9906111111086
7469785,2594.7236666666663
7467478,2838.1401932539684
7463692,3537.0900833333335
7473583,2484.833504761905
7495771,2948.227
7475101,2271.070059523809
7440670,1829.172375
7477531,5456.839499999999
7430662,2378.9126714285712
7522798,2870.433
7442626,3592.162191197692
7471228,3760.4012666666663
7486621,3948.8708341269844
7434628,4101.977500000001
7431247,2878.834
7519090,2679.365376395826
7449043,2650.488166666666
7499173,3942.7985297619043
7441324,4630.733166666666
7506727,15017.868733333333
7475470,3045.6899285714285
7520932,3369.739
7464832,2199.8801246031753
7525738,2939.4303928571426
7431181,2819.7271666666666
7438798,2157.4855333333335
7523224,3432.4355
7525120,3497.1674642857147
7473703,2279.858027777778
7491718,2542.555533333333
7452529,2863.9699333333338
7454827,3534.6083869047616
7492531,3097.3199166666664
7460710,3620.306696428572
7433485,2983.4482166666667
7506823,1933.86025
7490911,2665.9759166666663
7473700,3083.527404761905
7442155,3198.0927747114
7520209,4384.020833333333
7480549,1568.6041666666667
7525609,3774.124083333333
7457503,4199.670366666667
7476604,2727.18625
7457203,3192.101371031748
7437073,2534.7353333333326
7492411,1738.0099166666664
7477273,3097.3199166666664
7495546,2110.9707023809524
7459300,2011.6968333333332
7493584,3787.304
7485502,2481.673497619048
7435828,3291.326666666666
7485967,3430.4976666666666
7484248,3001.3115666666667
7466611,2150.28375
7447288,3088.9770500000013
7490923,3290.0449999999996
7516525,2799.418675396825
7469008,3673.319940476191
7441945,3595.999333333333
7467049,4969.911633333333
7525546,2738.5780888888885
7441690,2506.4901547619047
7503676,3108.7580000000007
7446304,1980.412
7495519,2897.619371428571
7451824,4094.424178571429
7505104,3014.985571428572
7446097,2385.711
7470637,2157.856851190476
7523449,3303.20038095238
7438780,2188.830483333333
7472428,3096.279666666667
7452853,2508.912
7524055,17211.938
7521400,5278.875333333334
7499593,1851.908
7442458,3045.8430666666663
7455424,3684.2085
7443214,3611.061690476191
7511296,3256.883
7478467,1975.4621666666667
7491982,10377.05563095238
7517290,2413.0325
7492267,2850.101916666667
7430818,3261.935033513706
7430251,7580.815
7488835,2057.7165785714287
7489447,2655.2808166666664
7525363,1747.79
7453108,2026.24225
7481668,3338.926380952381
7474450,4927.389654761904
7459864,2695.385221897547
7468558,3242.0368119047625
7438873,2670.488771428571
7498090,2115.3061785714285
7442977,2525.6065896464656
7496272,6695.764333333333
7431001,5127.546833333334
7501144,2249.957
7489876,2449.0981666666667
7477162,2404.259
7443514,2896.5409583333335
7438966,4199.33630952381
7516606,1957.036
7473943,2229.916291666667
7483567,4553.1594000000005
7442479,2511.588
7498384,1970.302
7447744,2729.5683726190478
7428595,3528.576
7444396,2983.4482166666667
7476784,2471.7545
7436785,2900.824416666667
7467229,3208.8785
7487530,3579.991095238095
7503121,2344.002
7485007,1648.4926666666668
7485448,2614.1018
7453306,1690.9253999999999
7513954,7580.815
7435639,2876.602483333333
7501174,4800.2557547619035
7468111,3089.4512749999994
7471942,1936.6063333333332
7453864,1698.6688333333334
7475626,4133.6221000000005
7510930,2556.875388888889
7518736,1971.3272083333331
7442875,4000.149714285715
7525111,2195.5326785714283
7429750,2267.3255833333333
7507207,2683.537107142857
7476952,5744.413974603175
7489951,3749.788266666667
7476487,4222.100032106783
7475023,3486.301958333333
7453582,1767.7769666666672
7474708,2990.7061071428575
7428526,2201.306511904762
7458487,2090.7601666666665
7470052,3612.340823809524
7453303,2038.664888888889
7462108,2802.207380952381
7432612,2711.974
7519936,3509.696
7465759,2085.386233333333
7436101,5999.237999999999
7502140,5826.719392857143
7490485,1925.9176666666665
7430809,2994.4702976190474
7499080,2579.4471845238095
7444729,3180.017317460318
7453822,3669.882035714286
7432963,3110.2408214285715
7435813,2547.7865
7453258,2058.2539007936507
7466647,1867.5499166666668
7451869,2465.701583333334
7492321,5685.96025
7469683,3930.9305
7456843,3674.9415555555556
7446616,4378.453916666667
7467700,2111.2493333333337
7444093,3102.9083333333333
7485358,2176.0101666666665
7472971,2607.306
7457419,3604.86
7484545,1982.944
7452607,3144.1535119047617
7440901,3143.4905
7475584,3114.1986547077922
7432879,3278.1165000000005
7440142,3102.3385
7515754,5589.835114285714
7444420,2876.0239186868685
7479958,10615.804393939394
7476601,4060.6986666666667
7451893,3563.531
7481017,4418.765333333334
7472422,6020.600333333333
7478653,2032.2794047619057
7440613,2117.2868333333336
7514140,4307.868
7433554,10342.167266666665
7487461,2421.371
7459549,6349.998
7500742,3535.779
7447981,4119.85780952381
7519015,2217.460666666667
7432627,3204.3562797632108
7476961,2834.08489047619
7513552,2220.336238095238
7495591,2671.99675
7431535,3020.7143333333333
7523758,3257.238011904761
7429303,3220.3656269841263
7477501,1666.41
7442935,2841.9968333333336
7472479,6902.356190476192
7444708,2347.4317666666666
7443316,3794.131178571428
7511092,4588.575671428572
7523740,2856.4381666666663
7450456,1756.2685
7445584,1818.363607142857
7522366,2838.0612380952384
7515865,3026.451775
7499125,2851.9962285714278
7472653,1703.9001841269842
7460584,2186.8945
7447255,4576.463678571428
7503550,2793.8414119047616
7466902,2464.060603571429
7457056,3118.89725
7465498,3295.5174166666666
7492822,1798.2933809523806
7435381,2711.50975
7453492,2383.185
7487221,3514.4627539682538
7502863,1739.5826353507605
7508527,3913.605650000001
7462678,6235.4605
7435039,3845.3926190476195
7444738,3268.169357142857
7515466,4283.764273809526
7483213,1901.5815
7462519,3472.857236075037
7473364,4362.3085
7480192,2631.988523809524
7432729,3063.0509166666666
7510633,1810.167
7512313,2792.875666666667
7506856,1933.4589999999998
7450426,2963.88225
7435348,2428.9830952380958
7473964,2586.339958333333
7513549,2056.3265
7431379,1830.8826785714286
7433764,6758.375
7430146,3871.55625
7497931,6894.609464285714
7501081,2628.875880952381
7506049,4553.312749999999
7435867,3604.892150396829
7470799,1985.6802321428572
7456012,2186.625
7505335,4354.142296245423
7485088,1833.6011666666668
7479751,3334.0028430735924
7461244,2535.1074333333336
7457242,1824.5184404761908
7459885,3008.0852777777777
7432399,4242.535333333333
7452169,2298.6006666666667
7475008,2198.419
7524241,2745.7360595238097
7441549,2918.306891666667
7469707,2805.9965
7450300,3286.3393869047613
7495951,2342.5418333333337
7447144,2559.332
7462303,3117.11
7453174,2074.36
7491424,1912.651333333333
7525042,2670.488771428571
7460419,5450.721435714285
7464403,3012.8817333333327
7526230,2664.682
7441213,5318.916761904762
7522408,3858.0316904761917
7468402,2715.818
7503379,2184.8763333333336
7463467,4208.666
7523353,2470.570666666667
7449643,1811.707
7525603,2952.0906666666665
7498561,3649.970880952382
7450930,1677.4005
7460755,2065.364
7439740,2023.2603333333327
7507693,2461.861
7511128,3476.263140873016
7501270,2918.438833333333
7450327,3148.45125
7518490,10046.726083333335
7471351,4929.184
7469812,3616.1483333333335
7442230,4107.1595
7481857,2886.033876190476
7474495,2685.4128095238098
7521586,2432.424666666667
7457950,2813.589
7444627,3444.279
7442683,2593.0526428571434
7522066,1824.4381714285712
7501711,2242.4126666666666
7483612,3413.0539999999996
7492297,2208.457404761905
7433950,1877.5050674603178
7512469,1771.4508333333333
7443451,2930.129416666667
7433530,2983.4482166666667
7431133,1927.8551666666667
7499641,4313.982083333334
7495744,3030.2405000000003
7433599,2257.63
7510249,6341.23
7439350,5222.284266666666
7525999,2580.1050000000005
7466290,2751.436857142857
7438450,3110.2408214285715
7457218,2206.168
7465201,8738.226166666665
7431118,2186.1400595238097
7431589,8503.119666666667
7443349,2723.741166666667
7468078,7097.612119047617
7436485,2727.581166666667
7525936,1924.3015416666667
7493200,2475.1319642857147
7523947,2412.109486904761
7461169,2529.4138333333344
7435207,3971.1257055555548
7437481,3316.692
7510834,2506.2736
7524037,2512.0113333333334
7485349,1707.6007166666668
7439893,2643.6731666666665
7524439,2842.0521666666664
7456615,5091.6085
7512226,4295.354265476191
7512676,2112.96075
7490260,2764.101928571429
7507651,6201.3825
7505344,6356.482083333334
7498051,3115.5553517038516
7436230,5905.2135
7430767,3092.552119047619
7475653,3770.6975722222214
7444816,2062.698
7453132,2414.9915416666668
7473574,2431.23785
7430965,2473.0930333333336
7460455,13171.422869047616
7436146,2215.956583333333
7431508,1874.008
7474828,4321.141930555555
7463365,2420.3976666666667
7433119,3739.0315
7454884,6403.66203993506
7500331,4995.95375
7523767,3028.2924999999996
7516294,10692.025
7451770,2040.8211142857149
7428598,3204.5865
7523038,5381.8
7477279,2030.5738571428572
7454071,1561.99925
7507558,2580.915333333333
7513702,1676.525
7459930,2691.208266666667
7488715,3124.89815
7468327,2905.0406666666663
7451386,5693.256250000001
7488688,1885.8473333333334
7508764,2480.357
7458931,2974.0126321428565
7434793,2455.726666666667
7520167,3747.3733611111115
7504573,6502.454544685869
7429633,3090.159642857143
7485817,6281.636333333334
7497916,3184.2144166666662
7513054,1619.362
7514608,3005.0314833333337
7449070,3008.149178571429
7433614,2842.752942063493
7509637,2503.314855952381
7428673,2243.898533333333
7439389,2108.0622857142853
7455904,6346.669666666667
7429531,3070.287
7463020,2186.823157142857
7477909,3313.723142857142
7440562,12661.132166666668
7472521,2723.907916666667
7456090,2319.837048881674
7524082,4008.4824166666667
7518805,2863.762
7445335,2282.550916666667
7500718,2890.5009333333337
7512697,4099.132142857143
7485346,1707.6007166666668
7443928,2916.4279345238097
7518829,6082.055695238095
7466470,2190.742416666667
7459492,2474.0331666666666
7448650,2322.8023333333335
7482085,1822.5725
7429402,1733.8365761904763
7472206,2362.965952380952
7432846,2199.8801246031753
7492390,3058.6554761904767
7493821,2349.334264285714
7463395,2055.2942166666667
7487968,1846.454
7463014,2246.8086666666663
7440913,2908.4078333333337
7431820,1771.2846666666667
7507684,3472.233047619048
7492564,2190.3716666666664
7483879,3691.075
7525600,2990.9205166666675
7467991,2070.8453
7472188,2971.988228571429
7502425,5998.950333333333
7521391,2093.07
7517197,2471.658185714287
7481848,24209.718
7499296,4169.176797619048
7524178,2436.54525
7474084,2987.5755
7516090,17543.815
7482946,1771.0300428571431
7495600,3261.935033513706
7512751,2337.711255952381
7452976,3073.382
7511584,4711.0171195317525
7441696,3377.436583333333
7522735,1781.9495416666668
7484386,2838.944380122653
7468267,1739.9813333333336
7513135,12519.387714285716
7502746,5719.128172222221
7455724,5889.4942
7488706,2176.278880952381
7456894,3720.1286666666665
7450363,3156.3745
7485001,3398.5129166666666
7469788,4291.649033333332
7441384,2182.1162142857142
7447915,2437.6058095238095
7451269,2808.7164226190475
7453423,6521.569552380954
7509886,7113.02825
7466575,4498.999092857143
7444924,3053.1066785714297
7489165,3828.1710833333336
7429984,2567.792666666667
7429618,2888.108
7486567,8755.9365
7485274,2167.120833333333
7457116,1725.3251666666667
7438783,3103.956666666666
7502080,2797.4
7454470,2169.865
7490788,7242.322
7443976,2270.366
7479562,2588.5018333333323
7485112,3748.633
7442071,3166.4851666666673
7470511,1543.8765
7487218,3786.3174880952347
7432972,2374.512
7491046,1830.9824666666666
7524394,1797.2836666666665
7491370,3572.7573333333335
7506109,3050.4259326923075
7477660,2531.736
7451110,2745.2480666666665
7474792,4766.859777777779
7502992,6251.157333333334
7478068,3194.5056619047627
7473682,2180.671
7491622,4931.27644920635
7461091,3172.945666666667
7476580,1648.4926666666668
7453150,9883.3985
7488859,7466.88
7465219,2913.589193831168
7441102,5708.661072619045
7472515,6199.223893939395
7505308,3784.520708405483
7440658,2012.1343333333334
7435837,2782.1014285714296
7459123,2964.754107800533
7522858,2600.67343452381
7497352,2432.4289999999996
7442947,3526.330233333334
7436509,2381.051166666666
7484401,3423.6885881313133
7503439,2557.856999999999
7442989,2725.1033571428575
7448251,2563.093
7512475,2469.873220634921
7450600,2182.9259285714293
7481332,2182.126
7507222,2940.588
7461385,2171.1187619047623
7524883,4646.022511904762
7524649,1566.7163095238097
7450690,3215.3365000000003
7448083,1874.0429404761906
7459513,11013.929
7465903,2053.7119404761906
7500280,2597.7888571428566
7484905,3515.8523333333333
7509226,2612.2923976190473
7499371,1909.9378571428572
7439491,3757.7263333333335
7467976,4875.149633333333
7508863,3078.225726190476
7491850,3075.7144325396857
7503871,3858.0316904761917
7452910,1711.5735
7467811,3988.536333333333
7516741,4572.12125
7498858,2119.6943619047615
7513468,2499.7335714285714
7445830,3242.041
7455742,2129.519
7479430,3413.045666666666
7437484,2019.9438690476193
7488259,2164.476
7513840,1628.088
7508869,2311.6142916666668
7438165,1999.824
7487062,3085.698
7489006,5967.600711904764
7472656,1703.9001841269842
7511701,2514.7272000000003
7472305,4652.264926190477
7460818,2988.4820404040406
7450801,8366.985190476194
7509007,2205.6079166666664
7476811,2427.7826666666665
7429573,2793.6958761904766
7462699,1871.842357142857
7430773,3393.24025
7439722,2729.5683726190478
7437214,2373.2035497835495
7472626,2500.9478527777783
7458082,4460.612238095237
7462747,2584.6028499999998
7456501,2311.6142916666668
7518223,16253.296333333332
7431256,3296.7205
7447234,2164.476
7485256,2910.66675
7482604,2733.588254761905
7465684,4750.143878787879
7472101,4714.601861904761
7465801,2682.8866666666668
7509997,1701.9487166666668
7450765,3120.546678571429
7517014,1816.7269571428571
7514659,3746.2999642857144
7495756,3788.8183
7506772,8702.586916666667
7522126,7417.507166666666
7429642,1647.889
7488586,2722.9301666666665
7451968,2874.6997499999993
7515244,2355.2589999999996
7451542,2985.128916666667
7496482,3256.2227380952377
7434934,2998.412380952381
7454527,1896.9916666666666
7468276,2694.929888888889
7506478,4142.836875000001
7476436,2962.4624166666663
7489594,3454.5977142857137
7515787,2658.14
7509952,5130.851833333334
7470022,2574.576674458874
7485586,2397.212333333333
7518733,2633.0804285714285
7503433,3061.8474166666665
7456573,2382.72725
7479475,3063.543
7518010,3344.7643333333335
7430416,1978.7295
7455802,2495.3479273809526
7465561,2213.638
7487110,2526.5699999999997
7450558,1801.8161051587294
7437844,2121.6005
7455268,2773.143897271273
7434904,4443.949333333333
7442146,3844.4536666666663
7453879,1936.883357142857
7486627,2624.814666666667
7443910,3414.2708333333326
7490113,2237.816
7503376,1950.7218333333333
7457374,2791.0188333333335
7464202,2951.691745238095
7447225,2220.336238095238
7503760,2904.530988095238
7521637,1762.7763333333332
7517416,8558.792666666668
7524175,3647.247880952381
7470280,2231.5665485930735
7475284,3046.3735833333344
7515019,3200.7450952380955
7472248,4020.315
7481605,2213.423
7524526,2540.386767965368
7523734,2944.6457999999993
7441081,2847.5709047619043
7502845,4474.866916666666
7515940,2943.0251499999995
7430905,3945.6981111111118
7437691,4745.113797619048
7466941,12269.854
7469935,2833.843166666667
7445929,3796.474166666667
7433686,2809.3426666666664
7480144,2107.787215880732
7431577,2763.3406111111112
7461913,4425.285666666666
7431496,1992.36975
7483534,2368.006309523809
7472980,3297.943833333333
7505728,2161.999
7444189,2443.2159999999994
7484170,2448.684
7490758,2344.002
7444807,2793.8414119047616
7434505,3192.9745
7512700,3258.6793333333335
7460068,3382.4096666666683
7487257,2155.902625
7439560,6996.696666666666
7476265,2821.191
7486915,3197.5555
7464712,2782.7378999999996
7456678,2809.1279523809526
7494526,2013.8802857142857
7456456,6705.508
7516969,2115.0830833333334
7443802,2796.81425
7518484,1902.2
7481653,3501.011321428571
7428688,3062.31639047619
7462105,2311.6142916666668
7450855,2604.2138055555556
7477390,3220.2057999999997
7437619,1857.6516666666666
7505182,2947.707607142857
7502152,7339.595650000001
7468468,2503.921
7499068,3121.81
7473598,2774.1684333333333
7435978,4150.719666666667
7454617,2198.441333333333
7458592,7032.83775
7498345,6267.64525
7469161,2342.122816666667
7429123,5030.804
7491139,2546.766333333333
7508278,2193.1586607142863
7508305,2054.4355833333334
7468786,2467.7191
7485073,7972.7685
7485238,2481.9231666666665
7431394,2009.9515
7490395,1942.0363333333332
7495306,4554.538096572872
7466680,2952.5895499999997
7522534,3010.912923809523
7472080,3413.5949880952394
7452982,1839.21
7432177,2182.954684523809
7522867,2670.488771428571
7499425,3038.75985
7446478,2363.6882666666666
7482628,2672.1104
7510222,14471.614
7491631,2502.400726190476
7518826,1819.13
7462504,2606.201853174603
7481704,3165.2165
7463563,3707.4111666666663
7444018,1962.406
7470001,2181.3906533549784
7464829,3389.0527071428583
7507741,2296.7854261904763
7456087,5670.017805555555
7520014,2219.079625
7508188,3480.0070000000005
7508848,4339.333851911983
7514227,2529.24875
7488769,2265.3963166666667
7465051,3181.8238112165604
7467199,2678.1052
7518718,4493.429063780666
7456726,3559.586422546897
7441609,3763.2048809523812
7513060,2568.849
7503460,2407.091247619048
7474462,3085.698
7521337,3883.8352500000005
7488574,3097.531047619048
7525312,2870.8594976190475
7518235,2889.380885714286
7451428,12821.503166666665
7435873,3406.263580952382
7518895,2883.2895703463205
7502767,2241.9729999999995
7502851,1601.27925
7441693,5351.691095238095
7497361,2495.677888888889
7468162,2770.748
7489141,4176.4738809523815
7500334,3191.388952380952
7490977,2652.8871666666664
7429069,3537.0900833333335
7449253,2583.4846666666663
7439758,2408.773083333333
7525588,2098.4698333333336
7497247,3561.766914285715
7455877,3119.8189714285704
7523554,3286.3393869047613
7467010,2067.9275000000002
7523476,2815.001333333333
7510045,2154.6827166666667
7488484,4086.4785
7513144,3010.1956301587293
7437904,3199.1320714285707
7473958,2747.823
7450129,3227.3310476190477
7506844,3069.583416666667
7453129,2696.3155
7469512,2952.011
7462486,2481.224
7514677,1683.439
7515487,2254.5077690476187
7453045,4004.673
7443655,2276.734245238094
7460656,1877.5050674603178
7430932,3265.1480835137068
7512949,3094.8646666666664
7443067,6465.219833333334
7467298,3251.403666666667
7474693,4291.474994444445
7510594,2747.8732230158726
7474789,3880.0204535714274
7430920,5514.842178571429
7524421,2136.2611583333332
7438405,3160.610956349207
7515538,2973.345735930736
7444456,1781.9495416666668
7444096,2871.3077388888887
7445242,3721.029452380953
7493542,4171.585821428571
7446094,2156.7043095238096
7469536,2940.6053333333334
7436848,2290.1384
7516999,7072.607
7464886,2711.0220833333333
7492594,26802.72033333333
7462282,1843.1545714285714
7436443,3029.1151666666665
7516882,2169.1370833333335
7462501,5621.465783333333
7430791,2835.0801261904767
7467424,4709.8613888888885
7486549,2619.926916666667
7507399,3031.4125833333337
7481410,2782.842016666665
7470349,3013.2378000000003
7460911,7502.01825
7454692,2732.7263979908976
7438345,3645.185416666667
7498201,3121.3476499999992
7476445,2406.0901666666664
7461481,1643.1528095238095
7523902,3344.3496666666665
7519804,1736.3942
7459540,3988.533268578647
7445677,3085.8190000000004
7438231,4179.359690476191
7503019,3168.7819710317453
7471195,6059.831722222222
7471987,2924.5583333333325
7496794,4008.69705
7525540,1766.921
7454461,5244.433427380951
7467763,2705.4206666666664
7498036,2242.533833333333
7507804,3751.95002142857
7495765,2961.864433333333
7459861,3383.2741666666666
7490122,3423.5708190476184
7446049,2285.236928571428
7466326,3092.959916666667
7508632,2998.7412999999997
7448704,2217.460666666667
7509469,2299.313452380953
7441246,8924.98325
7471120,1704.8028166666666
7494949,2903.914357142857
7523983,3046.3735833333344
7477792,2226.7305
7524433,5725.2605
7489792,3039.38385952381
7520962,2531.7213095238103
7499236,1748.177
7429144,8842.425000000001
7474711,4114.341700000002
7455124,2292.49
7443016,1680.937
7480876,2039.0846666666666
7443379,2807.6821666666665
7450378,6898.667333333333
